address,trades,buys,sells,win_rate,profitable_exits,total_exits,net_pnl_usdc,gross_in_usdc,gross_out_usdc,trades_per_day,active_days,strategy
0xff01dba4999266bff87400756e8830528fa2ecbe,830,830,830,86.4,717,830,32608.94,20892.83,53501.77,83.0,10,scalper
0x316216ecc384213edcc34abde19a8271ed84e9ed,1273,1273,1273,84.8,1079,1273,48300.41,31912.92,80213.34,141.4,9,bot
0x2dc477ac10d6c07b3fe008f6360377333740d8a2,2147,2147,2147,84.4,1813,2147,80716.45,54017.16,134733.6,165.2,13,bot
0x2a53777744b5acdf33b93add340f3b898d9417e2,23,23,23,82.6,19,23,846.9,573.51,1420.41,2.3,10,swing
0x3859a10d43f7d7a2ad8ba1c940d7bebe6c7ee123,1153,1153,1153,81.0,934,1153,41231.77,29330.33,70562.1,57.6,20,scalper
0xdc6486c479e84c94efce4bea7169ef7d4c80b6da,2109,2109,2109,80.0,1688,2109,73132.85,53348.4,126481.25,117.2,18,bot
0x0908f4fae0b896faba8d9928296c9583fd637a7f,115,115,115,73.0,84,115,3393.17,2898.67,6291.84,10.5,11,scalper
0x382d38e6fb8a95f6fd047d295cec3c7d7efddd92,24,24,24,70.8,17,24,697.9,630.44,1328.34,2.4,10,swing
0x6ed3da0f44691ad8c9d2571fa1963271982e02d3,61,61,61,70.5,43,61,1559.62,1495.8,3055.42,4.7,13,swing
0x7a6e0fbcc3da2d7b1a0110933dc63b8545720730,57,57,57,68.4,39,57,1608.66,1419.02,3027.68,5.2,11,swing
0xa1295ecd6d9d587666224bacbd1691db50103327,38,38,38,68.4,26,38,1027.21,951.2,1978.42,2.0,19,swing
0x3f2b13f3a7773d13046e614f196a5b7ae921f73f,25,25,25,68.0,17,25,644.21,636.71,1280.92,1.9,13,swing
0xcd740a7c5c4cb68a38c4cad51cc713a4f93a5ee8,96,96,96,66.7,64,96,2676.61,2403.03,5079.64,5.6,17,swing
0x64d7885ae184a9018dcd25953ea67bcc5fc4264e,99,99,99,66.7,66,99,2503.15,2526.06,5029.21,5.8,17,swing
0x9e7be8bbd02fb4b257328a5af041a673cc7d35f3,60,60,60,66.7,40,60,1619.35,1514.66,3134.01,4.0,15,swing
0x9ad4aee2a98f87fa44709b6de8a10f43eb153408,18,18,18,66.7,12,18,459.06,474.5,933.56,1.6,11,swing
0xd1eb4602ac3b68d326f6d2cd531249d4e28beef1,15,15,15,66.7,10,15,449.93,432.45,882.38,1.9,8,swing
0x9693dda2853ff0d964a7aa2cff9002f45e58619d,78,78,78,65.4,51,78,1937.7,1987.62,3925.32,3.9,20,swing
0x1cf6f69e302071146e0aeb2250fccaf6056c0d50,20,20,20,65.0,13,20,535.59,521.86,1057.45,1.4,14,swing
0x0b27ac77065d8c62dd6187c989600fd4e81d9ea1,86,86,86,64.0,55,86,2106.79,2131.25,4238.04,12.3,7,scalper
0xbd2f3a1c2bbc7df18fb74f1cd25485ee5e11acdf,44,44,44,63.6,28,44,1039.04,1109.4,2148.44,4.9,9,swing
0x1f2bdb45bfa866b68aa03b9d038b3c64d1e4537d,33,33,33,63.6,21,33,784.34,899.21,1683.55,2.1,16,swing
0xa043bae1603803a839c0cb52f511d9cb8f68d9d9,109,109,109,62.4,68,109,2578.28,2837.27,5415.56,7.3,15,swing
0xac886f424454154931386bc61bc6a4edcf38bc62,85,85,85,62.4,53,85,1965.58,2148.13,4113.72,7.7,11,swing
0x16374d8be772c152b788df5ebbf357443efec646,71,71,71,62.0,44,71,1637.47,1811.42,3448.89,3.4,21,swing
0x632e9b86b9cad722b2a90c0dd3bb2a1ebf05992e,26,26,26,61.5,16,26,485.89,673.58,1159.47,3.2,8,swing
0x590fdf43030b5dc5250a32e6ffa323b840561346,105,105,105,61.0,64,105,2248.41,2626.75,4875.15,13.1,8,scalper
0x78e78928ac141cb0ffa9208033077d8a7a74ffdb,61,61,61,60.7,37,61,1245.6,1544.89,2790.49,3.6,17,swing
0x89dee5f6418249cc1048dce9a453899663d9bc41,28,28,28,60.7,17,28,613.85,709.93,1323.77,4.0,7,swing
0x3ef0dba0d6c8cb5afee1ad40b9f419da1526c783,58,58,58,60.3,35,58,1313.36,1515.31,2828.67,4.1,14,swing
0xe287f6796eeb0f8988e42f447e60430eb23fb79f,65,65,65,60.0,39,65,1450.52,1619.89,3070.41,5.0,13,swing
0x7e04fa25e70e2a97f291f28de1ed5c3224d7fe36,15,15,15,60.0,9,15,314.02,347.64,661.66,2.1,7,swing
0x129227636d23031f5f2e8ba43a20ca48e416250c,116,116,116,59.5,69,116,2525.84,2960.14,5485.98,7.7,15,swing
0x4897978314c05686de93ed7cef33c440c3291c1f,96,96,96,59.4,57,96,1988.35,2395.06,4383.42,5.3,18,swing
0x36369a452d4e1066cd84b7450b03999acff65262,97,97,97,58.8,57,97,2056.68,2500.4,4557.08,4.6,21,swing
0x016a213c2ba2876f10f6355f3398fd53df0bda3c,12,12,12,58.3,7,12,240.19,312.64,552.83,1.0,12,swing
0x2523b253f746d5d64e0e5b71011243b720a8e23e,114,114,114,57.9,66,114,2284.24,2800.81,5085.05,5.4,21,swing
0x752d08e18906b7b2318e9c6b14ab61434c3ee067,105,105,105,55.2,58,105,2040.91,2685.65,4726.56,7.5,14,swing
0xd8114ee577e758082d7f64fd0fde9bb50bf1b76b,49,49,49,55.1,27,49,882.15,1262.41,2144.56,4.9,10,swing
0x161c800b2ba8d9963266c46f9abe3c149573469b,99,99,99,54.5,54,99,1708.68,2453.86,4162.55,7.1,14,swing
0xf0b7f6e2f625a0601234c6deef9ae8288212bca6,50,50,50,54.0,27,50,925.79,1286.83,2212.63,5.6,9,swing
0xf0b2f0eadf35b443ddc3e83761959ea6df7f022f,13,13,13,53.8,7,13,225.15,307.48,532.63,0.7,20,swing
0xabf31d55d2e71e91dcbaf0fa495ab8164bec82b4,67,67,67,53.7,36,67,1150.14,1694.25,2844.39,8.4,8,swing
0xb3390cc0a8aff6dcf0f329df5d0f4810098dd6d3,118,118,118,53.4,63,118,2014.85,2921.19,4936.04,14.8,8,scalper
0x74e71b131ad93dd54afeeb396a73e055f19f9e67,60,60,60,53.3,32,60,1063.17,1485.47,2548.64,4.3,14,swing
0x78c55b75652aeba562b44f5f9ca2b4620506df61,15,15,15,53.3,8,15,251.36,357.25,608.61,0.9,17,swing
0x840a346af7ff312d9efa810cac9aae174de4135c,89,89,89,52.8,47,89,1450.61,2192.6,3643.21,5.2,17,swing
0xbfbe1964d5f58cc0b1519338688bef9a95c1f7cb,105,105,105,52.4,55,105,1770.1,2651.17,4421.27,5.5,19,swing
0xefe19682373701b68b50c9a9f5c59a517b97a225,116,116,116,50.0,58,116,1698.78,2990.43,4689.22,14.5,8,scalper
0x494c75ecda263c0c24aa88991409434f2ee3d3a1,76,76,76,50.0,38,76,1165.59,1918.08,3083.67,3.8,20,swing
0x9bcfbe07fae17389034ec2c2920d33fd4f8a3fbf,12,12,12,50.0,6,12,123.38,302.04,425.43,1.7,7,swing
0x5ffece0a3b6889df5ce617c82b5e296f2e6537ef,65,65,65,49.2,32,65,976.56,1674.25,2650.82,3.4,19,swing
0x5f34634d71d3c0a99fb571a61ac1ba1b10ce7f9e,55,55,55,49.1,27,55,753.8,1417.22,2171.02,3.7,15,swing
0x1baf44ba4a6c13e54ca28a2a1513f6f79da19a21,92,92,92,48.9,45,92,1401.95,2360.69,3762.65,5.4,17,swing
0x56758606014f78ee9385f05b98c3de055684aeed,84,84,84,48.8,41,84,1093.01,2145.78,3238.79,6.5,13,swing
0xc53d17892a8d0f2d8d251c8331387b1dfbbd171c,76,76,76,48.7,37,76,1068.86,1891.49,2960.34,7.6,10,swing
0x2ba73cc8830591c330fbe90571f52d1e785720d3,71,71,71,47.9,34,71,1055.45,1816.26,2871.71,6.5,11,swing
0x8cf4cba106b485df6f0de2b8f38ea41f7f2cde05,101,101,101,47.5,48,101,1298.06,2619.37,3917.43,6.3,16,swing
0x85d4856f1735f596b7266c93a4836c8cc9a69c1f,56,56,56,46.4,26,56,714.95,1398.01,2112.96,5.1,11,swing
0xa6b1b592545b7f939828058af9074be1c4276446,82,82,82,46.3,38,82,1072.68,2029.54,3102.23,6.3,13,swing
0x93af0754efc6d17718651a20d49bce272b344b7d,86,86,86,45.3,39,86,1178.83,2182.96,3361.79,5.7,15,swing
0x134e7b18d8fe50c20bddf311f12000524e2db99c,102,102,102,45.1,46,102,1233.11,2521.83,3754.95,12.8,8,scalper
0xf20f21a5e3f59eaeb0e943d9fcf9b94f4cfa2da2,20,20,20,45.0,9,20,221.79,509.13,730.92,2.5,8,swing
0x82b4f3c2fd1a38d2311722b455d4ae942a26dc45,94,94,94,44.7,42,94,1102.34,2320.06,3422.39,9.4,10,swing
0x19f585ba9fb56ab3c7c1506453da572fe92f3066,30,30,30,43.3,13,30,271.05,782.41,1053.45,1.8,17,swing
0x52a1850806116d13af96f0d4214d29a58103a659,19,19,19,42.1,8,19,206.54,497.16,703.69,1.4,14,swing
0x471510414b092cb3db16be24cf11c56ebadbca90,35,35,35,40.0,14,35,236.36,880.2,1116.56,2.7,13,swing
0x8cbd4f9bce45b9c5f0b50a035221d121e8df7664,98,98,98,39.8,39,98,786.7,2481.66,3268.36,6.1,16,swing
0x68d2301028fb66b51d9111f1af067e3430ad60bb,101,101,101,37.6,38,101,668.37,2569.12,3237.5,6.7,15,swing
0x4aad2323b28346d9042dccdbfc4d7c965651dcfb,56,56,56,37.5,21,56,334.46,1400.88,1735.33,2.9,19,swing
0x760caa7aeb5e5147d5a40f97a2e4f27490050d14,84,84,84,36.9,31,84,514.15,2075.02,2589.18,5.6,15,swing
0x74a37f15a12df53f599aefbdca634eb1e4b74396,92,92,92,35.9,33,92,559.92,2349.45,2909.38,11.5,8,scalper
0xf878cf6351af3c3e8602e2987b2a13a327a0a909,17,17,17,35.3,6,17,73.57,399.77,473.34,0.9,19,swing
0xe69d389f015dd2e8fe1f7271b8138c41515d24c3,108,108,108,34.3,37,108,497.56,2780.8,3278.36,13.5,8,scalper
0xe2f37e582ff2178c59231899e457f446b42b9903,41,41,41,34.1,14,41,153.23,1019.26,1172.49,4.1,10,swing
0xe472f2a9b666154c7105f07c1ced2e3cc8ccc4f9,71,71,71,33.8,24,71,232.79,1807.61,2040.4,7.1,10,swing
0xa19dd8a581a946b7ffd1145bd9a908360ae19052,72,72,72,33.3,24,72,224.31,1816.03,2040.34,10.3,7,scalper
0x57676a4a0452b4cf4eca07a4344c56af40fdc832,12,12,12,33.3,4,12,19.76,334.37,354.13,0.7,17,swing
0x7aa2054cb98a272e0d1a56d00e81ff162592b02d,28,28,28,28.6,8,28,42.46,667.7,710.15,1.8,16,swing
0xeace4aed926f15f735e56ac719013b4b210bd330,15,15,15,20.0,3,15,-56.29,364.21,307.92,1.2,13,swing
